pr_id,total_commits,ai_commits,human_commits,ai_commits_percentage,total_comments,ai_comments,human_comments,ai_comments_percentage,total_reviews,ai_reviews,human_reviews,ai_reviews_percentage,time_to_merge_hours,has_related_issue,has_ai_involvement,is_merged
3264933329,1,0,1,0.0,2,0,2,0.0,0,0,0,0.0,,False,False,False
3265118634,1,0,1,0.0,0,0,0,0.0,0,0,0,0.0,,False,False,False
3265640341,6,0,6,0.0,0,0,0,0.0,2,1,1,50.0,,False,True,False
3265709660,3,0,3,0.0,0,0,0,0.0,1,1,0,100.0,,False,True,False
3265782173,1,0,1,0.0,0,0,0,0.0,0,0,0,0.0,,False,False,False
3231949586,1,0,1,0.0,0,0,0,0.0,4,3,1,75.0,,False,True,False
3231950376,7,0,7,0.0,1,1,0,100.0,0,0,0,0.0,,False,True,False
3231951012,8,0,8,0.0,1,1,0,100.0,0,0,0,0.0,,False,True,False
3231951656,9,0,9,0.0,1,1,0,100.0,0,0,0,0.0,,False,True,False
3231952364,10,0,10,0.0,1,1,0,100.0,0,0,0,0.0,,False,True,False
3231953027,7,0,7,0.0,1,1,0,100.0,0,0,0,0.0,,False,True,False
3231953757,8,0,8,0.0,1,1,0,100.0,0,0,0,0.0,,False,True,False
3231954470,9,0,9,0.0,1,1,0,100.0,0,0,0,0.0,,False,True,False
3231955292,10,0,10,0.0,1,1,0,100.0,0,0,0,0.0,,False,True,False
3232028428,5,0,5,0.0,0,0,0,0.0,1,1,0,100.0,,False,True,False
3232844270,30,0,30,0.0,6,1,5,16.666666666666664,2,0,2,0.0,,False,True,False
3234102722,5,0,5,0.0,0,0,0,0.0,0,0,0,0.0,,True,False,False
3212961701,2,0,2,0.0,0,0,0,0.0,0,0,0,0.0,,False,False,False
3214555104,1,0,1,0.0,3,0,3,0.0,8,0,8,0.0,,False,False,False
3214724259,4,0,4,0.0,2,2,0,100.0,1,1,0,100.0,,False,True,False
3214782537,30,0,30,0.0,9,9,0,100.0,3,3,0,100.0,,True,True,False
3214876564,7,0,7,0.0,15,10,5,66.66666666666666,5,5,0,100.0,,False,True,False
3215730319,4,0,4,0.0,15,1,14,6.666666666666667,14,1,13,7.142857142857142,,False,True,False
3215868710,2,0,2,0.0,6,6,0,100.0,3,2,1,66.66666666666666,,False,True,False
3216678691,1,0,1,0.0,0,0,0,0.0,1,0,1,0.0,,False,False,False
3216706697,4,0,4,0.0,2,1,1,50.0,7,0,7,0.0,,False,True,False
3216793862,1,0,1,0.0,3,0,3,0.0,0,0,0,0.0,,False,False,False
3164503419,2,0,2,0.0,5,4,1,80.0,2,2,0,100.0,,False,True,False
3164567685,2,0,2,0.0,0,0,0,0.0,0,0,0,0.0,,True,False,False
3164736230,2,0,2,0.0,0,0,0,0.0,0,0,0,0.0,,False,False,False
3165023078,3,0,3,0.0,0,0,0,0.0,0,0,0,0.0,,False,False,False
3165060364,4,0,4,0.0,0,0,0,0.0,0,0,0,0.0,,False,False,False
3165146820,1,0,1,0.0,0,0,0,0.0,0,0,0,0.0,,False,False,False
3165176791,30,0,30,0.0,10,0,10,0.0,0,0,0,0.0,,True,False,False
3165407647,6,0,6,0.0,0,0,0,0.0,0,0,0,0.0,,False,False,False
3165431934,6,0,6,0.0,0,0,0,0.0,0,0,0,0.0,,True,False,False
3165440543,7,0,7,0.0,0,0,0,0.0,0,0,0,0.0,,True,False,False
3165441855,1,0,1,0.0,0,0,0,0.0,0,0,0,0.0,,True,False,False
3165503646,1,0,1,0.0,0,0,0,0.0,0,0,0,0.0,,True,False,False
3271660213,12,0,12,0.0,0,0,0,0.0,0,0,0,0.0,,False,False,False
3271740125,3,0,3,0.0,0,0,0,0.0,0,0,0,0.0,,False,False,False
3271748860,7,0,7,0.0,4,0,4,0.0,5,0,5,0.0,,False,False,False
3271943252,2,0,2,0.0,0,0,0,0.0,0,0,0,0.0,,False,False,False
3271988317,21,0,21,0.0,3,2,1,66.66666666666666,1,1,0,100.0,,False,True,False
3272275087,1,0,1,0.0,1,0,1,0.0,0,0,0,0.0,,False,False,False
3272397381,1,0,1,0.0,1,0,1,0.0,0,0,0,0.0,,False,False,False
3272907868,3,0,3,0.0,0,0,0,0.0,0,0,0,0.0,,False,False,False
3273233066,30,0,30,0.0,2,2,0,100.0,5,5,0,100.0,,False,True,False
3273243547,1,0,1,0.0,1,1,0,100.0,1,1,0,100.0,,False,True,False
3273580906,1,0,1,0.0,0,0,0,0.0,0,0,0,0.0,,False,False,False
3273752719,4,0,4,0.0,1,0,1,0.0,0,0,0,0.0,,False,False,False
3274038425,6,0,6,0.0,0,0,0,0.0,0,0,0,0.0,,False,False,False
3219102497,30,1,29,3.3333333333333335,2,2,0,100.0,1,0,1,0.0,,False,True,False
3219880512,28,0,28,0.0,23,20,3,86.95652173913044,2,0,2,0.0,,False,True,False
3220223180,8,0,8,0.0,1,0,1,0.0,5,0,5,0.0,,False,False,False
3220367089,3,0,3,0.0,1,1,0,100.0,0,0,0,0.0,,True,True,False
3221520140,2,0,2,0.0,0,0,0,0.0,1,1,0,100.0,,True,True,False
3222101465,3,0,3,0.0,6,6,0,100.0,12,2,10,16.666666666666664,,False,True,False
2876006908,7,0,7,0.0,1,1,0,100.0,1,0,1,0.0,,True,True,False
2876533575,1,0,1,0.0,2,0,2,0.0,0,0,0,0.0,,True,False,False
2882576893,1,0,1,0.0,2,0,2,0.0,1,0,1,0.0,,False,False,False
2883083776,1,0,1,0.0,0,0,0,0.0,1,0,1,0.0,,False,False,False
2883609845,1,0,1,0.0,2,1,1,50.0,0,0,0,0.0,,False,True,False
2886171819,1,0,1,0.0,0,0,0,0.0,0,0,0,0.0,,False,False,False
2888099084,1,0,1,0.0,0,0,0,0.0,1,0,1,0.0,,False,False,False
2888185420,30,0,30,0.0,1,0,1,0.0,0,0,0,0.0,,False,False,False
2888657232,1,0,1,0.0,2,0,2,0.0,0,0,0,0.0,,False,False,False
2889835337,1,0,1,0.0,0,0,0,0.0,0,0,0,0.0,,False,False,False
2889875255,3,0,3,0.0,0,0,0,0.0,0,0,0,0.0,,False,False,False
2889940236,1,0,1,0.0,0,0,0,0.0,0,0,0,0.0,,False,False,False
2889940415,1,0,1,0.0,0,0,0,0.0,0,0,0,0.0,,False,False,False
2892364501,2,0,2,0.0,2,1,1,50.0,0,0,0,0.0,,False,True,False
2892443818,2,0,2,0.0,4,0,4,0.0,0,0,0,0.0,,False,False,False
2894762370,1,0,1,0.0,1,1,0,100.0,1,1,0,100.0,,False,True,False
3246635062,10,0,10,0.0,0,0,0,0.0,0,0,0,0.0,,False,False,False
3246680171,2,1,1,50.0,0,0,0,0.0,0,0,0,0.0,,False,True,False
3246681942,4,0,4,0.0,0,0,0,0.0,0,0,0,0.0,,False,False,False
3246684833,3,1,2,33.33333333333333,0,0,0,0.0,0,0,0,0.0,,False,True,False
3246764807,1,0,1,0.0,0,0,0,0.0,0,0,0,0.0,,False,False,False
3246796582,1,0,1,0.0,0,0,0,0.0,0,0,0,0.0,,False,False,False
3262310380,3,0,3,0.0,1,0,1,0.0,0,0,0,0.0,,False,False,False
3262649320,13,0,13,0.0,0,0,0,0.0,0,0,0,0.0,,True,False,False
3263199127,1,0,1,0.0,0,0,0,0.0,4,0,4,0.0,,False,False,False
3263692368,1,0,1,0.0,2,2,0,100.0,0,0,0,0.0,,True,True,False
3263934382,9,0,9,0.0,14,7,7,50.0,4,4,0,100.0,,True,True,False
3098322647,1,0,1,0.0,1,0,1,0.0,20,0,20,0.0,,False,False,False
3098972655,2,0,2,0.0,3,3,0,100.0,6,4,2,66.66666666666666,,False,True,False
3142181649,5,0,5,0.0,0,0,0,0.0,1,1,0,100.0,,True,True,False
3142373237,2,0,2,0.0,1,1,0,100.0,0,0,0,0.0,,False,True,False
3144015338,30,0,30,0.0,1,1,0,100.0,0,0,0,0.0,,False,True,False
3145238894,1,0,1,0.0,0,0,0,0.0,1,1,0,100.0,,False,True,False
3145249026,3,0,3,0.0,0,0,0,0.0,1,1,0,100.0,,False,True,False
3145923591,4,0,4,0.0,1,0,1,0.0,1,0,1,0.0,,False,False,False
3146518192,1,0,1,0.0,0,0,0,0.0,0,0,0,0.0,,False,False,False
3146561196,3,0,3,0.0,1,0,1,0.0,2,0,2,0.0,,False,False,False
3165597086,6,0,6,0.0,0,0,0,0.0,1,1,0,100.0,,True,True,False
3165662397,1,0,1,0.0,12,1,11,8.333333333333332,4,4,0,100.0,,False,True,False
3165677582,5,0,5,0.0,0,0,0,0.0,0,0,0,0.0,,False,False,False
3165750951,8,0,8,0.0,0,0,0,0.0,0,0,0,0.0,,False,False,False
3199027461,18,0,18,0.0,3,2,1,66.66666666666666,4,4,0,100.0,,True,True,False
3199564335,9,0,9,0.0,0,0,0,0.0,0,0,0,0.0,,False,False,False
3199623142,2,0,2,0.0,4,0,4,0.0,0,0,0,0.0,,False,False,False
3200679276,1,0,1,0.0,0,0,0,0.0,0,0,0,0.0,,True,False,False
3200698874,1,0,1,0.0,2,0,2,0.0,0,0,0,0.0,,False,False,False
3200946614,1,0,1,0.0,0,0,0,0.0,0,0,0,0.0,,False,False,False
3201567268,4,0,4,0.0,3,1,2,33.33333333333333,6,0,6,0.0,,False,True,False
3202135682,2,0,2,0.0,0,0,0,0.0,1,0,1,0.0,,False,False,False
3202692899,9,0,9,0.0,4,0,4,0.0,0,0,0,0.0,,True,False,False
3203032594,2,0,2,0.0,1,0,1,0.0,0,0,0,0.0,,False,False,False
3250080019,2,0,2,0.0,4,2,2,50.0,3,0,3,0.0,,True,True,False
3250173556,3,0,3,0.0,0,0,0,0.0,0,0,0,0.0,,False,False,False
3250200794,1,0,1,0.0,0,0,0,0.0,0,0,0,0.0,,False,False,False
3250235391,5,5,0,100.0,1,1,0,100.0,1,1,0,100.0,,True,True,False
3250272016,1,0,1,0.0,0,0,0,0.0,0,0,0,0.0,,False,False,False
3250477735,1,0,1,0.0,0,0,0,0.0,0,0,0,0.0,,False,False,False
3250746691,15,0,15,0.0,1,0,1,0.0,0,0,0,0.0,,False,False,False
3251370397,2,0,2,0.0,0,0,0,0.0,0,0,0,0.0,,False,False,False
3251544513,12,0,12,0.0,0,0,0,0.0,0,0,0,0.0,,True,False,False
3251609070,15,0,15,0.0,0,0,0,0.0,1,1,0,100.0,,True,True,False
3107321792,10,0,10,0.0,1,1,0,100.0,2,2,0,100.0,,False,True,False
3109706862,1,0,1,0.0,1,1,0,100.0,0,0,0,0.0,,True,True,False
3109791380,1,0,1,0.0,1,1,0,100.0,0,0,0,0.0,,False,True,False
3111420697,30,0,30,0.0,1,0,1,0.0,0,0,0,0.0,,False,False,False
3112345209,1,0,1,0.0,0,0,0,0.0,1,0,1,0.0,,False,False,False
3114327280,1,0,1,0.0,1,0,1,0.0,1,0,1,0.0,,False,False,False
3115027048,3,0,3,0.0,0,0,0,0.0,0,0,0,0.0,,False,False,False
3115558470,1,0,1,0.0,1,1,0,100.0,1,1,0,100.0,,False,True,False
3115760621,1,0,1,0.0,0,0,0,0.0,0,0,0,0.0,,False,False,False
3116600521,8,0,8,0.0,1,1,0,100.0,0,0,0,0.0,,True,True,False
3181506569,21,0,21,0.0,1,1,0,100.0,0,0,0,0.0,,False,True,False
3181578456,8,0,8,0.0,6,0,6,0.0,0,0,0,0.0,,False,False,False
3245454530,6,0,6,0.0,0,0,0,0.0,1,0,1,0.0,,False,False,False
3245456977,14,0,14,0.0,3,3,0,100.0,2,2,0,100.0,,False,True,False
3245466752,2,0,2,0.0,0,0,0,0.0,0,0,0,0.0,,False,False,False
3245552368,1,0,1,0.0,6,1,5,16.666666666666664,3,0,3,0.0,,True,True,False
3245584783,11,0,11,0.0,2,0,2,0.0,0,0,0,0.0,,False,False,False
3245668511,2,0,2,0.0,3,3,0,100.0,0,0,0,0.0,,True,True,False
3245746342,3,0,3,0.0,0,0,0,0.0,2,2,0,100.0,,False,True,False
3245809034,2,0,2,0.0,0,0,0,0.0,0,0,0,0.0,,True,False,False
3258872453,1,0,1,0.0,0,0,0,0.0,0,0,0,0.0,,True,False,False
3258945821,10,0,10,0.0,0,0,0,0.0,0,0,0,0.0,,False,False,False
3259580896,2,0,2,0.0,1,1,0,100.0,0,0,0,0.0,,False,True,False
3260232103,1,0,1,0.0,0,0,0,0.0,0,0,0,0.0,,False,False,False
3260236912,30,0,30,0.0,2,1,1,50.0,6,2,4,33.33333333333333,,False,True,False
3260720963,12,0,12,0.0,1,1,0,100.0,2,2,0,100.0,,True,True,False
3260887009,15,0,15,0.0,6,0,6,0.0,0,0,0,0.0,,True,False,False
3187718516,13,0,13,0.0,0,0,0,0.0,0,0,0,0.0,,True,False,False
3188858394,6,0,6,0.0,2,1,1,50.0,2,2,0,100.0,,False,True,False
3188865855,30,0,30,0.0,1,1,0,100.0,2,1,1,50.0,,False,True,False
3189507528,20,0,20,0.0,12,4,8,33.33333333333333,9,8,1,88.88888888888889,,False,True,False
3190199796,1,0,1,0.0,0,0,0,0.0,0,0,0,0.0,,False,False,False
3190390949,2,0,2,0.0,5,5,0,100.0,2,1,1,50.0,,False,True,False
3086930190,16,0,16,0.0,2,2,0,100.0,6,3,3,50.0,,False,True,False
3088173646,27,0,27,0.0,3,2,1,66.66666666666666,0,0,0,0.0,,False,True,False
3088176007,2,0,2,0.0,1,1,0,100.0,0,0,0,0.0,,False,True,False
3088611576,9,0,9,0.0,0,0,0,0.0,2,1,1,50.0,,True,True,False
3090065215,6,0,6,0.0,0,0,0,0.0,0,0,0,0.0,,False,False,False
3091332769,11,0,11,0.0,1,0,1,0.0,1,1,0,100.0,,False,True,False
3094661465,4,0,4,0.0,10,4,6,40.0,1,0,1,0.0,,False,True,False
3132739442,1,0,1,0.0,2,1,1,50.0,7,1,6,14.285714285714285,,False,True,False
3132983801,1,0,1,0.0,2,1,1,50.0,3,0,3,0.0,,False,True,False
3133058562,8,7,1,87.5,3,0,3,0.0,0,0,0,0.0,,False,True,False
3133399556,3,0,3,0.0,0,0,0,0.0,0,0,0,0.0,,False,False,False
3133544722,1,0,1,0.0,1,1,0,100.0,1,1,0,100.0,,False,True,False
3135266974,3,0,3,0.0,1,1,0,100.0,0,0,0,0.0,,False,True,False
3136804156,1,0,1,0.0,1,1,0,100.0,1,0,1,0.0,,False,True,False
3138027382,11,0,11,0.0,1,0,1,0.0,2,0,2,0.0,,False,False,False
3138117853,10,0,10,0.0,0,0,0,0.0,2,1,1,50.0,,True,True,False
3138222448,11,0,11,0.0,3,3,0,100.0,2,2,0,100.0,,False,True,False
3138264959,8,0,8,0.0,3,3,0,100.0,1,1,0,100.0,,True,True,False
3138362649,8,0,8,0.0,3,3,0,100.0,0,0,0,0.0,,False,True,False
3138387778,10,0,10,0.0,4,3,1,75.0,1,1,0,100.0,,False,True,False
3139315341,30,0,30,0.0,15,10,5,66.66666666666666,14,8,6,57.14285714285714,,False,True,False
3140025663,1,0,1,0.0,3,3,0,100.0,0,0,0,0.0,,True,True,False
3140073726,3,0,3,0.0,2,2,0,100.0,2,0,2,0.0,,False,True,False
3141541564,27,0,27,0.0,1,1,0,100.0,0,0,0,0.0,,False,True,False
3203754242,2,0,2,0.0,0,0,0,0.0,0,0,0,0.0,,False,False,False
3203856259,10,0,10,0.0,2,2,0,100.0,0,0,0,0.0,,False,True,False
3203910456,3,0,3,0.0,0,0,0,0.0,0,0,0,0.0,,True,False,False
3204479528,2,0,2,0.0,0,0,0,0.0,0,0,0,0.0,,True,False,False
3204637024,18,0,18,0.0,2,2,0,100.0,0,0,0,0.0,,False,True,False
3204772289,0,0,0,0.0,0,0,0,0.0,1,1,0,100.0,,False,True,False
3204784776,1,0,1,0.0,0,0,0,0.0,0,0,0,0.0,,False,False,False
3204995137,1,0,1,0.0,0,0,0,0.0,0,0,0,0.0,,False,False,False
3205273752,1,0,1,0.0,0,0,0,0.0,0,0,0,0.0,,False,False,False
3205734508,1,0,1,0.0,0,0,0,0.0,0,0,0,0.0,,False,False,False
3205839196,9,4,5,44.44444444444444,2,1,1,50.0,1,1,0,100.0,,False,True,False
3205893657,1,0,1,0.0,0,0,0,0.0,0,0,0,0.0,,False,False,False
3246950577,1,0,1,0.0,1,1,0,100.0,0,0,0,0.0,,True,True,False
3247725112,8,2,6,25.0,7,7,0,100.0,5,3,2,60.0,,False,True,False
3248139288,11,0,11,0.0,1,0,1,0.0,0,0,0,0.0,,False,False,False
3248210397,13,0,13,0.0,3,3,0,100.0,9,8,1,88.88888888888889,,False,True,False
3248259820,1,1,0,100.0,1,0,1,0.0,0,0,0,0.0,,True,True,False
3248781517,2,0,2,0.0,4,0,4,0.0,0,0,0,0.0,,False,False,False
3249619721,2,0,2,0.0,1,1,0,100.0,1,1,0,100.0,,True,True,False
3250024089,30,0,30,0.0,3,3,0,100.0,8,8,0,100.0,,False,True,False
3175209026,4,0,4,0.0,1,1,0,100.0,3,2,1,66.66666666666666,,False,True,False
3176357483,1,0,1,0.0,0,0,0,0.0,0,0,0,0.0,,False,False,False
3176421116,1,0,1,0.0,0,0,0,0.0,0,0,0,0.0,,False,False,False
3176427591,1,0,1,0.0,0,0,0,0.0,0,0,0,0.0,,False,False,False
3177654490,6,0,6,0.0,6,6,0,100.0,5,1,4,20.0,,False,True,False
3178007458,2,0,2,0.0,1,0,1,0.0,3,0,3,0.0,,True,False,False
3179729495,28,0,28,0.0,1,1,0,100.0,0,0,0,0.0,,True,True,False
3243533799,17,0,17,0.0,0,0,0,0.0,1,1,0,100.0,,False,True,False
3244853040,5,0,5,0.0,1,1,0,100.0,1,1,0,100.0,,False,True,False
3244896143,2,0,2,0.0,0,0,0,0.0,1,1,0,100.0,,False,True,False
3245011006,3,3,0,100.0,11,6,5,54.54545454545454,5,5,0,100.0,,True,True,False
3245161961,24,0,24,0.0,1,0,1,0.0,0,0,0,0.0,,False,False,False
3245313058,1,0,1,0.0,2,0,2,0.0,0,0,0,0.0,,False,False,False
3245346788,3,0,3,0.0,0,0,0,0.0,1,1,0,100.0,,False,True,False
3266170682,4,0,4,0.0,3,2,1,66.66666666666666,3,3,0,100.0,,True,True,False
3266316354,4,0,4,0.0,7,3,4,42.857142857142854,2,2,0,100.0,,True,True,False
3266626830,1,0,1,0.0,2,2,0,100.0,0,0,0,0.0,,False,True,False
3266763733,6,0,6,0.0,4,4,0,100.0,0,0,0,0.0,,True,True,False
3267110060,3,0,3,0.0,5,4,1,80.0,1,1,0,100.0,,False,True,False
3226800461,21,0,21,0.0,25,0,25,0.0,17,0,17,0.0,,False,False,False
3229176248,1,0,1,0.0,1,1,0,100.0,0,0,0,0.0,,True,True,False
3229333583,1,0,1,0.0,0,0,0,0.0,0,0,0,0.0,,False,False,False
3229710961,2,0,2,0.0,1,0,1,0.0,0,0,0,0.0,,False,False,False
3229732955,2,0,2,0.0,1,0,1,0.0,0,0,0,0.0,,False,False,False
3230307499,5,1,4,20.0,1,0,1,0.0,0,0,0,0.0,,True,True,False
3230351703,8,0,8,0.0,5,0,5,0.0,0,0,0,0.0,,True,False,False
3159415433,1,0,1,0.0,0,0,0,0.0,4,2,2,50.0,,False,True,False
3160495699,1,0,1,0.0,0,0,0,0.0,0,0,0,0.0,,False,False,False
3160647911,21,0,21,0.0,1,1,0,100.0,6,1,5,16.666666666666664,,False,True,False
3160653118,6,0,6,0.0,1,0,1,0.0,0,0,0,0.0,,False,False,False
3160894112,1,0,1,0.0,0,0,0,0.0,0,0,0,0.0,,False,False,False
3161355858,4,0,4,0.0,0,0,0,0.0,0,0,0,0.0,,True,False,False
3161358535,1,0,1,0.0,0,0,0,0.0,0,0,0,0.0,,False,False,False
3163243464,1,0,1,0.0,2,2,0,100.0,3,2,1,66.66666666666666,,True,True,False
3164250713,27,0,27,0.0,0,0,0,0.0,2,2,0,100.0,,True,True,False
3164258008,1,0,1,0.0,0,0,0,0.0,0,0,0,0.0,,False,False,False
3164310340,2,0,2,0.0,0,0,0,0.0,0,0,0,0.0,,False,False,False
3274362044,13,0,13,0.0,8,8,0,100.0,0,0,0,0.0,,False,True,False
3274741142,4,0,4,0.0,0,0,0,0.0,0,0,0,0.0,,False,False,False
3274969873,1,0,1,0.0,0,0,0,0.0,1,1,0,100.0,,False,True,False
3275029115,5,3,2,60.0,1,0,1,0.0,0,0,0,0.0,,True,True,False
3275097396,1,0,1,0.0,1,0,1,0.0,0,0,0,0.0,,False,False,False
3275134373,4,2,2,50.0,1,1,0,100.0,1,1,0,100.0,,False,True,False
3275149041,4,0,4,0.0,0,0,0,0.0,1,1,0,100.0,,False,True,False
3275367954,1,0,1,0.0,0,0,0,0.0,0,0,0,0.0,,False,False,False
3275448809,1,1,0,100.0,0,0,0,0.0,0,0,0,0.0,,False,True,False
3275455685,7,5,2,71.42857142857143,1,0,1,0.0,5,0,5,0.0,,False,True,False
3275609390,1,0,1,0.0,4,4,0,100.0,1,0,1,0.0,,False,True,False
3276585540,3,0,3,0.0,2,1,1,50.0,0,0,0,0.0,,False,True,False
3276605733,6,1,5,16.666666666666664,0,0,0,0.0,4,0,4,0.0,,False,True,False
3253582273,1,1,0,100.0,2,1,1,50.0,0,0,0,0.0,,True,True,False
3254261062,4,0,4,0.0,6,3,3,50.0,9,8,1,88.88888888888889,,False,True,False
3254644542,30,0,30,0.0,1,0,1,0.0,0,0,0,0.0,,False,False,False
3254647682,1,0,1,0.0,2,0,2,0.0,0,0,0,0.0,,False,False,False
3254649795,2,0,2,0.0,1,0,1,0.0,0,0,0,0.0,,False,False,False
3255142482,1,0,1,0.0,1,1,0,100.0,0,0,0,0.0,,True,True,False
3196885081,2,0,2,0.0,0,0,0,0.0,0,0,0,0.0,,True,False,False
3197344409,1,0,1,0.0,0,0,0,0.0,0,0,0,0.0,,True,False,False
3197436829,2,0,2,0.0,8,5,3,62.5,1,1,0,100.0,,False,True,False
3197484474,1,0,1,0.0,0,0,0,0.0,0,0,0,0.0,,False,False,False
3197644488,1,0,1,0.0,0,0,0,0.0,0,0,0,0.0,,False,False,False
3166199077,4,0,4,0.0,0,0,0,0.0,0,0,0,0.0,,False,False,False
3166521009,17,0,17,0.0,0,0,0,0.0,0,0,0,0.0,,True,False,False
3166710563,12,0,12,0.0,2,0,2,0.0,0,0,0,0.0,,False,False,False
3166880168,2,0,2,0.0,4,4,0,100.0,0,0,0,0.0,,False,True,False
3167450477,9,1,8,11.11111111111111,5,5,0,100.0,10,1,9,10.0,,False,True,False
3168125372,2,0,2,0.0,0,0,0,0.0,0,0,0,0.0,,False,False,False
3168142663,16,0,16,0.0,0,0,0,0.0,0,0,0,0.0,,False,False,False
3147421099,8,0,8,0.0,1,1,0,100.0,4,1,3,25.0,,False,True,False
3147721605,2,0,2,0.0,2,0,2,0.0,0,0,0,0.0,,True,False,False
3150229181,1,0,1,0.0,2,0,2,0.0,2,2,0,100.0,,False,True,False
3150240545,8,0,8,0.0,0,0,0,0.0,1,1,0,100.0,,True,True,False
3150393125,1,0,1,0.0,0,0,0,0.0,0,0,0,0.0,,False,False,False
3151360963,1,0,1,0.0,0,0,0,0.0,0,0,0,0.0,,False,False,False
3207894445,1,0,1,0.0,3,2,1,66.66666666666666,0,0,0,0.0,,False,True,False
3207905993,1,0,1,0.0,0,0,0,0.0,0,0,0,0.0,,False,False,False
3207910026,1,0,1,0.0,0,0,0,0.0,0,0,0,0.0,,False,False,False
3207914894,1,0,1,0.0,0,0,0,0.0,0,0,0,0.0,,False,False,False
3207921071,3,0,3,0.0,0,0,0,0.0,0,0,0,0.0,,False,False,False
3208559377,8,0,8,0.0,0,0,0,0.0,0,0,0,0.0,,True,False,False
3208990831,6,0,6,0.0,2,2,0,100.0,0,0,0,0.0,,False,True,False
3209373025,3,0,3,0.0,2,2,0,100.0,0,0,0,0.0,,False,True,False
3209723205,20,0,20,0.0,2,0,2,0.0,1,1,0,100.0,,True,True,False
3210688776,1,0,1,0.0,2,2,0,100.0,1,1,0,100.0,,False,True,False
3210837112,2,0,2,0.0,2,2,0,100.0,1,0,1,0.0,,False,True,False
3211505201,1,1,0,100.0,0,0,0,0.0,1,1,0,100.0,,False,True,False
3212206965,4,0,4,0.0,3,2,1,66.66666666666666,1,1,0,100.0,,False,True,False
3212218608,2,0,2,0.0,11,0,11,0.0,2,0,2,0.0,,True,False,False
3212306696,1,0,1,0.0,1,0,1,0.0,0,0,0,0.0,,False,False,False
3184725856,5,0,5,0.0,1,0,1,0.0,0,0,0,0.0,,False,False,False
3184850059,2,0,2,0.0,1,1,0,100.0,1,1,0,100.0,,False,True,False
3185547207,6,0,6,0.0,0,0,0,0.0,0,0,0,0.0,,False,False,False
3185859728,7,0,7,0.0,0,0,0,0.0,0,0,0,0.0,,False,False,False
3118662815,8,0,8,0.0,4,2,2,50.0,1,1,0,100.0,,False,True,False
3119417980,1,0,1,0.0,1,1,0,100.0,2,1,1,50.0,,False,True,False
3119750112,5,0,5,0.0,0,0,0,0.0,0,0,0,0.0,,False,False,False
3120774449,1,0,1,0.0,1,1,0,100.0,0,0,0,0.0,,False,True,False
3120813048,2,0,2,0.0,3,1,2,33.33333333333333,0,0,0,0.0,,False,True,False
3124189482,1,0,1,0.0,0,0,0,0.0,0,0,0,0.0,,False,False,False
3124293906,3,0,3,0.0,0,0,0,0.0,0,0,0,0.0,,False,False,False
3124372773,5,0,5,0.0,0,0,0,0.0,0,0,0,0.0,,True,False,False
3124595999,3,0,3,0.0,1,0,1,0.0,8,0,8,0.0,,False,False,False
3105926969,30,0,30,0.0,1,0,1,0.0,3,2,1,66.66666666666666,,False,True,False
3234650797,2,0,2,0.0,1,1,0,100.0,0,0,0,0.0,,False,True,False
3234660269,30,0,30,0.0,1,0,1,0.0,2,0,2,0.0,,False,False,False
3235103212,8,0,8,0.0,2,2,0,100.0,7,0,7,0.0,,False,True,False
3235395709,1,0,1,0.0,1,1,0,100.0,0,0,0,0.0,,True,True,False
3235659006,4,0,4,0.0,2,2,0,100.0,0,0,0,0.0,,False,True,False
3235820229,14,2,12,14.285714285714285,3,3,0,100.0,0,0,0,0.0,,False,True,False
3237343612,10,0,10,0.0,0,0,0,0.0,0,0,0,0.0,,False,False,False
3222268735,2,0,2,0.0,8,8,0,100.0,0,0,0,0.0,,False,True,False
3223177403,2,0,2,0.0,0,0,0,0.0,0,0,0,0.0,,False,False,False
3223924413,1,0,1,0.0,2,2,0,100.0,2,0,2,0.0,,False,True,False
3224085262,8,0,8,0.0,1,0,1,0.0,8,0,8,0.0,,True,False,False
3269032263,13,0,13,0.0,2,1,1,50.0,0,0,0,0.0,,False,True,False
3269703997,2,0,2,0.0,3,3,0,100.0,2,2,0,100.0,,True,True,False
3269741497,3,0,3,0.0,1,0,1,0.0,0,0,0,0.0,,False,False,False
3269831635,2,0,2,0.0,3,3,0,100.0,0,0,0,0.0,,False,True,False
3269888763,10,0,10,0.0,1,1,0,100.0,1,1,0,100.0,,True,True,False
3270842985,2,0,2,0.0,0,0,0,0.0,2,0,2,0.0,,True,False,False
3271014961,30,0,30,0.0,2,2,0,100.0,0,0,0,0.0,,False,True,False
3271045504,14,0,14,0.0,4,3,1,75.0,0,0,0,0.0,,False,True,False
3271050710,1,0,1,0.0,0,0,0,0.0,0,0,0,0.0,,True,False,False
3271081741,9,0,9,0.0,0,0,0,0.0,0,0,0,0.0,,True,False,False
2903936265,3,0,3,0.0,0,0,0,0.0,1,0,1,0.0,,False,False,False
2905670458,10,0,10,0.0,0,0,0,0.0,0,0,0,0.0,,False,False,False
2905716327,2,0,2,0.0,1,1,0,100.0,0,0,0,0.0,,False,True,False
2905748105,2,0,2,0.0,2,2,0,100.0,1,0,1,0.0,,False,True,False
2908771855,7,0,7,0.0,0,0,0,0.0,1,1,0,100.0,,False,True,False
2909640593,1,0,1,0.0,4,1,3,25.0,1,1,0,100.0,,False,True,False
2912546402,1,0,1,0.0,0,0,0,0.0,1,0,1,0.0,,False,False,False
2914277614,7,4,3,57.14285714285714,11,0,11,0.0,2,0,2,0.0,,True,True,False
2914376188,29,0,29,0.0,3,0,3,0.0,5,0,5,0.0,,True,False,False
2915198291,3,0,3,0.0,1,1,0,100.0,1,1,0,100.0,,False,True,False
2915204489,1,0,1,0.0,0,0,0,0.0,1,1,0,100.0,,False,True,False
2915784381,3,0,3,0.0,3,0,3,0.0,3,0,3,0.0,,False,False,False
2916677326,1,0,1,0.0,1,0,1,0.0,4,0,4,0.0,,False,False,False
2918329879,2,0,2,0.0,1,1,0,100.0,0,0,0,0.0,,False,True,False
2920999550,5,0,5,0.0,0,0,0,0.0,3,1,2,33.33333333333333,,False,True,False
2921044123,3,2,1,66.66666666666666,5,0,5,0.0,16,1,15,6.25,,True,True,False
2922672896,14,0,14,0.0,1,0,1,0.0,0,0,0,0.0,,False,False,False
3238330931,1,0,1,0.0,0,0,0,0.0,0,0,0,0.0,,True,False,False
3238444749,1,0,1,0.0,0,0,0,0.0,0,0,0,0.0,,True,False,False
3238483606,2,0,2,0.0,1,0,1,0.0,0,0,0,0.0,,True,False,False
3238491477,1,0,1,0.0,0,0,0,0.0,0,0,0,0.0,,True,False,False
3238626702,1,0,1,0.0,0,0,0,0.0,0,0,0,0.0,,True,False,False
3240533897,3,0,3,0.0,0,0,0,0.0,1,1,0,100.0,,True,True,False
3241545126,6,1,5,16.666666666666664,0,0,0,0.0,0,0,0,0.0,,False,True,False
3241611660,1,0,1,0.0,0,0,0,0.0,0,0,0,0.0,,False,False,False
3241840766,3,0,3,0.0,1,0,1,0.0,0,0,0,0.0,,False,False,False
3241861541,4,0,4,0.0,1,1,0,100.0,4,3,1,75.0,,False,True,False
3225725945,9,0,9,0.0,7,7,0,100.0,4,4,0,100.0,,False,True,False
3225792521,1,0,1,0.0,0,0,0,0.0,0,0,0,0.0,,True,False,False
3225792685,9,0,9,0.0,7,0,7,0.0,0,0,0,0.0,,False,False,False
3226043406,24,0,24,0.0,6,3,3,50.0,11,11,0,100.0,,False,True,False
3226060777,3,0,3,0.0,0,0,0,0.0,0,0,0,0.0,,False,False,False
3226145369,2,0,2,0.0,3,0,3,0.0,0,0,0,0.0,,False,False,False
3226401427,1,1,0,100.0,2,0,2,0.0,0,0,0,0.0,,False,True,False
3226434542,7,0,7,0.0,1,0,1,0.0,0,0,0,0.0,,False,False,False
3226475067,30,0,30,0.0,1,0,1,0.0,0,0,0,0.0,,False,False,False
3226500911,30,0,30,0.0,0,0,0,0.0,0,0,0,0.0,,False,False,False
3226627949,8,0,8,0.0,2,0,2,0.0,0,0,0,0.0,,False,False,False
3226645641,22,2,20,9.090909090909092,29,26,3,89.65517241379311,11,11,0,100.0,,True,True,False
3267198858,13,0,13,0.0,1,1,0,100.0,1,1,0,100.0,,True,True,False
3267602007,30,0,30,0.0,1,0,1,0.0,0,0,0,0.0,,False,False,False
3267605140,7,0,7,0.0,1,0,1,0.0,0,0,0,0.0,,False,False,False
2922676503,24,0,24,0.0,0,0,0,0.0,0,0,0,0.0,,False,False,False
2925282771,2,2,0,100.0,1,0,1,0.0,3,1,2,33.33333333333333,,False,True,False
2936982220,30,0,30,0.0,2,1,1,50.0,6,0,6,0.0,,False,True,False
2959025892,1,0,1,0.0,4,1,3,25.0,1,0,1,0.0,,True,True,False
2964008111,1,0,1,0.0,2,2,0,100.0,0,0,0,0.0,,False,True,False
2964743634,1,0,1,0.0,0,0,0,0.0,0,0,0,0.0,,False,False,False
2970665095,1,0,1,0.0,0,0,0,0.0,0,0,0,0.0,,False,False,False
2973533797,1,0,1,0.0,0,0,0,0.0,0,0,0,0.0,,False,False,False
2974498229,1,0,1,0.0,0,0,0,0.0,0,0,0,0.0,,False,False,False
2974598623,1,0,1,0.0,0,0,0,0.0,0,0,0,0.0,,False,False,False
2975165913,2,0,2,0.0,0,0,0,0.0,1,0,1,0.0,,True,False,False
2980205609,1,0,1,0.0,0,0,0,0.0,0,0,0,0.0,,False,False,False
2985351959,1,0,1,0.0,2,2,0,100.0,0,0,0,0.0,,False,True,False
2986072834,2,0,2,0.0,1,1,0,100.0,2,0,2,0.0,,False,True,False
2986431376,1,0,1,0.0,2,2,0,100.0,0,0,0,0.0,,False,True,False
2990012909,3,0,3,0.0,0,0,0,0.0,1,0,1,0.0,,False,False,False
2997643146,14,0,14,0.0,0,0,0,0.0,0,0,0,0.0,,False,False,False
3007785025,4,0,4,0.0,4,4,0,100.0,1,0,1,0.0,,False,True,False
3029855439,1,0,1,0.0,1,1,0,100.0,1,1,0,100.0,,True,True,False
3037457814,1,0,1,0.0,1,0,1,0.0,1,0,1,0.0,,False,False,False
3037985682,3,0,3,0.0,3,1,2,33.33333333333333,3,1,2,33.33333333333333,,False,True,False
3047699666,1,0,1,0.0,5,5,0,100.0,10,0,10,0.0,,False,True,False
3054252195,1,0,1,0.0,0,0,0,0.0,1,0,1,0.0,,True,False,False
3057825906,5,0,5,0.0,7,6,1,85.71428571428571,4,1,3,25.0,,False,True,False
3255598859,6,0,6,0.0,1,0,1,0.0,6,3,3,50.0,,False,True,False
3256172444,1,0,1,0.0,6,1,5,16.666666666666664,15,3,12,20.0,,False,True,False
3256692785,8,0,8,0.0,5,0,5,0.0,0,0,0,0.0,,False,False,False
3257102140,13,0,13,0.0,4,0,4,0.0,2,0,2,0.0,,False,False,False
3257241051,9,0,9,0.0,2,1,1,50.0,1,1,0,100.0,,True,True,False
3257330452,3,0,3,0.0,1,0,1,0.0,0,0,0,0.0,,True,False,False
3257359947,2,0,2,0.0,1,0,1,0.0,1,0,1,0.0,,False,False,False
3258270000,4,0,4,0.0,1,0,1,0.0,0,0,0,0.0,,True,False,False
3258566467,2,0,2,0.0,9,2,7,22.22222222222222,1,0,1,0.0,,False,True,False
3190681974,1,0,1,0.0,0,0,0,0.0,0,0,0,0.0,,True,False,False
3193198936,8,0,8,0.0,1,1,0,100.0,6,5,1,83.33333333333334,,False,True,False
3193248030,1,0,1,0.0,0,0,0,0.0,2,0,2,0.0,,False,False,False
3193786351,6,0,6,0.0,3,3,0,100.0,7,4,3,57.14285714285714,,False,True,False
3194442530,1,0,1,0.0,2,0,2,0.0,0,0,0,0.0,,False,False,False
3194483657,4,0,4,0.0,7,7,0,100.0,7,2,5,28.57142857142857,,False,True,False
3277239540,2,2,0,100.0,0,0,0,0.0,0,0,0,0.0,,True,True,False
3277329042,7,0,7,0.0,0,0,0,0.0,2,2,0,100.0,,False,True,False
3277570981,1,1,0,100.0,0,0,0,0.0,0,0,0,0.0,,False,True,False
3277943226,1,0,1,0.0,0,0,0,0.0,0,0,0,0.0,,False,False,False
3069923749,1,0,1,0.0,0,0,0,0.0,0,0,0,0.0,,False,False,False
3069942339,1,0,1,0.0,0,0,0,0.0,0,0,0,0.0,,False,False,False
3069944091,1,0,1,0.0,0,0,0,0.0,0,0,0,0.0,,False,False,False
3070114059,11,0,11,0.0,0,0,0,0.0,0,0,0,0.0,,False,False,False
3070149818,1,0,1,0.0,0,0,0,0.0,0,0,0,0.0,,False,False,False
3070160046,1,0,1,0.0,0,0,0,0.0,0,0,0,0.0,,False,False,False
3078006902,2,0,2,0.0,2,0,2,0.0,18,0,18,0.0,,False,False,False
3079303421,30,0,30,0.0,5,3,2,60.0,10,6,4,60.0,,False,True,False
3170104958,2,0,2,0.0,6,3,3,50.0,2,2,0,100.0,,False,True,False
3171863473,4,0,4,0.0,0,0,0,0.0,0,0,0,0.0,,False,False,False
3171901980,6,0,6,0.0,0,0,0,0.0,0,0,0,0.0,,True,False,False
3172647828,3,0,3,0.0,1,1,0,100.0,2,0,2,0.0,,True,True,False
3172785852,4,0,4,0.0,2,0,2,0.0,0,0,0,0.0,,False,False,False
3173165718,1,0,1,0.0,0,0,0,0.0,0,0,0,0.0,,False,False,False
3173233374,30,0,30,0.0,8,0,8,0.0,0,0,0,0.0,,False,False,False
3173971926,9,0,9,0.0,1,1,0,100.0,4,1,3,25.0,,False,True,False
3151798896,11,0,11,0.0,2,1,1,50.0,1,1,0,100.0,,False,True,False
3151873955,22,0,22,0.0,3,2,1,66.66666666666666,16,0,16,0.0,,False,True,False
3152317896,10,0,10,0.0,3,3,0,100.0,5,1,4,20.0,,False,True,False
3153985254,1,0,1,0.0,0,0,0,0.0,0,0,0,0.0,,False,False,False
3154096278,5,0,5,0.0,0,0,0,0.0,0,0,0,0.0,,True,False,False
3154339119,2,0,2,0.0,0,0,0,0.0,0,0,0,0.0,,False,False,False
3154517662,1,0,1,0.0,0,0,0,0.0,0,0,0,0.0,,False,False,False
3154662508,11,0,11,0.0,12,0,12,0.0,0,0,0,0.0,,False,False,False
3154699305,4,0,4,0.0,3,2,1,66.66666666666666,0,0,0,0.0,,False,True,False
3154734636,1,0,1,0.0,1,1,0,100.0,0,0,0,0.0,,True,True,False
3154770102,19,0,19,0.0,0,0,0,0.0,0,0,0,0.0,,False,False,False
3155322770,3,0,3,0.0,0,0,0,0.0,1,0,1,0.0,,False,False,False
3156775134,5,0,5,0.0,0,0,0,0.0,0,0,0,0.0,,False,False,False
3158615630,18,0,18,0.0,0,0,0,0.0,1,1,0,100.0,,True,True,False
3158776739,1,0,1,0.0,1,0,1,0.0,1,1,0,100.0,,True,True,False
3158802702,6,0,6,0.0,3,0,3,0.0,4,1,3,25.0,,True,True,False
3158818689,1,0,1,0.0,1,0,1,0.0,5,0,5,0.0,,False,False,False
3159212731,1,0,1,0.0,4,4,0,100.0,0,0,0,0.0,,False,True,False
3206405036,1,0,1,0.0,1,0,1,0.0,0,0,0,0.0,,True,False,False
3206405282,1,0,1,0.0,2,0,2,0.0,0,0,0,0.0,,True,False,False
3206405566,1,0,1,0.0,1,0,1,0.0,0,0,0,0.0,,True,False,False
3206510254,6,0,6,0.0,2,2,0,100.0,0,0,0,0.0,,False,True,False
3206889625,2,0,2,0.0,3,2,1,66.66666666666666,1,1,0,100.0,,True,True,False
3206950313,1,0,1,0.0,3,2,1,66.66666666666666,1,1,0,100.0,,True,True,False
3207221136,2,0,2,0.0,1,1,0,100.0,3,2,1,66.66666666666666,,True,True,False
3246897503,1,0,1,0.0,0,0,0,0.0,1,1,0,100.0,,False,True,False
3186370783,13,0,13,0.0,12,7,5,58.333333333333336,0,0,0,0.0,,False,True,False
3127930821,2,0,2,0.0,2,1,1,50.0,2,2,0,100.0,,False,True,False
3128534413,1,0,1,0.0,0,0,0,0.0,0,0,0,0.0,,False,False,False
3128559622,1,0,1,0.0,0,0,0,0.0,0,0,0,0.0,,False,False,False
3128646283,3,0,3,0.0,4,1,3,25.0,2,2,0,100.0,,False,True,False
3128713996,5,0,5,0.0,5,2,3,40.0,3,2,1,66.66666666666666,,False,True,False
3128824166,1,0,1,0.0,0,0,0,0.0,0,0,0,0.0,,False,False,False
3131363751,5,0,5,0.0,2,2,0,100.0,2,1,1,50.0,,False,True,False
3132009446,1,0,1,0.0,1,0,1,0.0,0,0,0,0.0,,False,False,False
3132093324,2,0,2,0.0,4,4,0,100.0,2,0,2,0.0,,False,True,False
3132378621,2,0,2,0.0,0,0,0,0.0,0,0,0,0.0,,False,False,False
3132410695,3,0,3,0.0,1,0,1,0.0,0,0,0,0.0,,False,False,False
